last_name,census_tract,ethnicity
SHIVELY,Census Tract 181.05; Dallas County;  Texas,white,
GINNANE,Census Tract 18.50; Travis County;  Texas,white,
CALLARI,Census Tract 178.08; Dallas County;  Texas,white,
TABANICO,Census Tract 9504; Shelby County;  Texas,hispanic,
DELRASO,Census Tract 1820.01; Bexar County;  Texas,hispanic,
BRUHNS,Census Tract 137.26; Dallas County;  Texas,white,
MECKLEY,Census Tract 3408; Harris County;  Texas,white,
WINDLESS,Census Tract 1139.09; Tarrant County;  Texas,black,
VOLP,Census Tract 1112.04; Tarrant County;  Texas,white,
SINNI,Census Tract 54.10; Nueces County;  Texas,white,
SCARMACK,Census Tract 5528; Harris County;  Texas,white,
SECAIRA,Census Tract 103.22; El Paso County;  Texas,hispanic,
PAUFF,Census Tract 6628; Brazoria County;  Texas,white,
PLEIMANN,Census Tract 139.01; Cameron County;  Texas,white,
SIPICH,Census Tract 29; Ector County;  Texas,white,
TAUCHEN,Census Tract 216.05; Randall County;  Texas,white,
SCHINE,Census Tract 2315; Harris County;  Texas,white,
COOKSLEY,Census Tract 317.09; Collin County;  Texas,white,
CERA,Census Tract 3232; Harris County;  Texas,api,
SCHARFSTEIN,Census Tract 18.58; Travis County;  Texas,white,
SAMPIETRO,Census Tract 244.02; Hidalgo County;  Texas,white,
WORSHAM,Census Tract 9507; Rusk County;  Texas,white,
KAETHER,Census Tract 7904; Walker County;  Texas,white,
BEVAN,Census Tract 6615.01; Brazoria County;  Texas,white,
MENDEZCRUZ,Census Tract 3109.03; Comal County;  Texas,hispanic,
CHOKSI,Census Tract 6621; Brazoria County;  Texas,api,
BIZZLE,Census Tract 1506.02; Wise County;  Texas,black,
WENNERSTROM,Census Tract 103.43; El Paso County;  Texas,white,
MOEHLENKAMP,Census Tract 9508; Hopkins County;  Texas,white,
BOGUES,Census Tract 212.01; Williamson County;  Texas,black,
DURKOVIC,Census Tract 131.06; Cameron County;  Texas,white,
FELDHAKE,Census Tract 1702; Washington County;  Texas,white,
SLEEPER,Census Tract 3508.01; Harris County;  Texas,white,
MIHAILOFF,Census Tract 201.06; Williamson County;  Texas,white,
LENTON,Census Tract 2104; Harris County;  Texas,two or more,
WISK,Census Tract 11; Travis County;  Texas,white,
MONEK,Census Tract 9509; Cherokee County;  Texas,white,
HENKE,Census Tract 6915; Montgomery County;  Texas,white,
URCIUOLI,Census Tract 6629; Brazoria County;  Texas,white,
VANZANT,Census Tract 9505; Dawson County;  Texas,white,
GRAISE,Census Tract 21.01; Lubbock County;  Texas,black,
BENEK,Census Tract 1817.23; Bexar County;  Texas,white,
DIBBLEE,Census Tract 203.16; Williamson County;  Texas,white,
BREENE,Census Tract 9503.02; Nacogdoches County;  Texas,white,
PAOLINELLI,Census Tract 3422; Harris County;  Texas,white,
LYDER,Census Tract 1817.20; Bexar County;  Texas,white,
MURESAN,Census Tract 9800; Midland County;  Texas,white,
HURO,Census Tract 212.01; Williamson County;  Texas,white,
THRESHER,Census Tract 217.03; Randall County;  Texas,white,
MUSSIO,Census Tract 1803; Bexar County;  Texas,white,
OSTERWEIL,Census Tract 190.24; Dallas County;  Texas,white,
STILLS,Census Tract 1139.11; Tarrant County;  Texas,black,
CICHON,Census Tract 6701.02; Fort Bend County;  Texas,white,
RANA,Census Tract 43.16; El Paso County;  Texas,api,
BEDDOW,Census Tract 20.12; Brazos County;  Texas,white,
EDGAR,Census Tract 9501; Jasper County;  Texas,white,
PORRITT,Census Tract 176.05; Dallas County;  Texas,white,
CILLO,Census Tract 123; Wichita County;  Texas,white,
NIPPS,Census Tract 318.04; Collin County;  Texas,white,
CORRIDAN,Census Tract 20.06; Brazos County;  Texas,white,
SEGREST,Census Tract 1006.02; Tarrant County;  Texas,white,
NITCHALS,Census Tract 78.23; Dallas County;  Texas,white,
SUSCA,Census Tract 9509; Howard County;  Texas,white,
WERTIN,Census Tract 225.01; Hidalgo County;  Texas,white,
BAGBEY,Census Tract 1803.02; Grimes County;  Texas,white,
SICKAFOOSE,Census Tract 1309; Bexar County;  Texas,white,
STOBIE,Census Tract 36.01; El Paso County;  Texas,white,
PAULAUSKAS,Census Tract 5323; Harris County;  Texas,white,
SESSA,Census Tract 7304; Matagorda County;  Texas,white,
CRUMMITT,Census Tract 18.16; Webb County;  Texas,white,
MOOSMAN,Census Tract 141.33; Dallas County;  Texas,white,
TRONGONE,Census Tract 6934; Montgomery County;  Texas,white,
DENUNZIO,Census Tract 242.05; Hidalgo County;  Texas,white,
MAQBOOL,Census Tract 134; Potter County;  Texas,api,
HUMMINGBIRD,Census Tract 103.45; El Paso County;  Texas,native_american,
BURCK,Census Tract 2544; Harris County;  Texas,hispanic,
GERMANO,Census Tract 9505.01; Nacogdoches County;  Texas,white,
SPATA,Census Tract 1918.09; Bexar County;  Texas,white,
CAMINO,Census Tract 9503; Rusk County;  Texas,hispanic,
MCKEEMAN,Census Tract 8; Gregg County;  Texas,white,
FORSCHLER,Census Tract 1110.03; Tarrant County;  Texas,white,
DOPKOWSKI,Census Tract 101.02; Coryell County;  Texas,white,
VICARS,Census Tract 2314; Harris County;  Texas,white,
BERTERA,Census Tract 6724; Fort Bend County;  Texas,white,
HNATOW,Census Tract 3; Dallas County;  Texas,white,
LOWERRE,Census Tract 9504; Swisher County;  Texas,white,
PHARES,Census Tract 7253; Galveston County;  Texas,white,
GAPEN,Census Tract 18.12; Travis County;  Texas,white,
TREVOR,Census Tract 21.08; Travis County;  Texas,white,
HERSEL,Census Tract 608.03; Ellis County;  Texas,white,
AMIN,Census Tract 9504; Zapata County;  Texas,api,
ECKWOOD,Census Tract 1139.06; Tarrant County;  Texas,black,
RAGSAC,Census Tract 204.02; Hidalgo County;  Texas,api,
GERARD,Census Tract 5206.02; Harris County;  Texas,white,
GUS,Census Tract 1504; Bexar County;  Texas,white,
MIHALAK,Census Tract 130.05; Dallas County;  Texas,white,
LOUPE,Census Tract 5549.01; Harris County;  Texas,white,
FERMANIAN,Census Tract 6607.01; Brazoria County;  Texas,white,
MACLAREN,Census Tract 203.07; Denton County;  Texas,white,
FRIEBE,Census Tract 18.01; Lubbock County;  Texas,white,
FARZAN,Census Tract 1012.02; Tarrant County;  Texas,white,
DOCKRAY,Census Tract 124; Taylor County;  Texas,white,
FURIN,Census Tract 216.23; Denton County;  Texas,white,
FRECK,Census Tract 104.09; El Paso County;  Texas,white,
MASSAGEE,Census Tract 1139.24; Tarrant County;  Texas,white,
JEFFRIES,Census Tract 6.02; Victoria County;  Texas,white,
KRAMM,Census Tract 204; Dallas County;  Texas,white,
MAHIN,Census Tract 5520.01; Harris County;  Texas,white,
DELRISCO,Census Tract 13.03; Brazos County;  Texas,hispanic,
BRUA,Census Tract 9504; Fisher County;  Texas,white,
CLUBINE,Census Tract 97.02; Dallas County;  Texas,white,
MOZELL,Census Tract 8; Medina County;  Texas,black,
FARACA,Census Tract 7245; Galveston County;  Texas,white,
BRAZZELL,Census Tract 111.03; Dallas County;  Texas,white,
LUSSOW,Census Tract 2112; Harris County;  Texas,hispanic,
MANUELL,Census Tract 3112; Harris County;  Texas,white,
HELBERT,Census Tract 1115.25; Tarrant County;  Texas,white,
HIEATT,Census Tract 9501.02; Camp County;  Texas,white,
GIOVANELLI,Census Tract 217.46; Denton County;  Texas,white,
ZUPPE,Census Tract 101.02; El Paso County;  Texas,white,
SAINTCYR,Census Tract 167.05; Dallas County;  Texas,black,
BONERTZ,Census Tract 84; Dallas County;  Texas,white,
MOLONEY,Census Tract 32.03; Nueces County;  Texas,api,
KROGEL,Census Tract 5541.02; Harris County;  Texas,white,
GILYARD,Census Tract 305.20; Collin County;  Texas,black,
KOSKA,Census Tract 1506.02; Wise County;  Texas,white,
FENDRICH,Census Tract 1409; Bexar County;  Texas,white,
HESSEY,Census Tract 103.35; El Paso County;  Texas,white,
BOHNSTEDT,Census Tract 5408; Harris County;  Texas,white,
FICCO,Census Tract 108.01; Dallas County;  Texas,white,
GREENWALT,Census Tract 2404; Harris County;  Texas,white,
BEDIAKO,Census Tract 18.43; Travis County;  Texas,black,
KETTLER,Census Tract 11.01; Dallas County;  Texas,white,
LOSEKAMP,Census Tract 203.10; Denton County;  Texas,white,
IACOPELLI,Census Tract 114; Cameron County;  Texas,hispanic,
ROMRIELL,Census Tract 7214; Galveston County;  Texas,white,
SUKKAR,Census Tract 9504; Marion County;  Texas,two or more,
VONGPHAKDY,Census Tract 9503; Winkler County;  Texas,api,
STACKPOLE,Census Tract 9502; Hockley County;  Texas,hispanic,
BOUTCHYARD,Census Tract 15.02; El Paso County;  Texas,white,
DOYEL,Census Tract 316.28; Collin County;  Texas,white,
LASTELLA,Census Tract 20.03; Smith County;  Texas,white,
LUCKENBACH,Census Tract 2516; Harris County;  Texas,white,
NISHIO,Census Tract 132.05; Cameron County;  Texas,api,
SHAHIDI,Census Tract 2507.01; Harris County;  Texas,two or more,
ROSILES,Census Tract 1718.01; Bexar County;  Texas,hispanic,
WINNIFORD,Census Tract 9602; Kerr County;  Texas,white,
PANOPOULOS,Census Tract 17.66; Travis County;  Texas,white,
CHUDY,Census Tract 305.31; Collin County;  Texas,white,
BARNINGHAM,Census Tract 23.04; Nueces County;  Texas,white,
ASIAMAH,Census Tract 1062.01; Tarrant County;  Texas,black,
BOST,Census Tract 6703; Fort Bend County;  Texas,white,
BENNINGFIELD,Census Tract 4.02; Lubbock County;  Texas,white,
AUNA,Census Tract 153.04; Dallas County;  Texas,two or more,
WESNESKI,Census Tract 6746.03; Fort Bend County;  Texas,white,
MILLBURN,Census Tract 2521; Harris County;  Texas,white,
DELUKE,Census Tract 4329.02; Harris County;  Texas,white,
LETCHWORTH,Census Tract 17.07; Tom Green County;  Texas,white,
JULSON,Census Tract 5412.02; Harris County;  Texas,white,
LANDEZ,Census Tract 217.36; Denton County;  Texas,hispanic,
ROES,Census Tract 1804; Bexar County;  Texas,white,
LINEBAUGH,Census Tract 5.02; Victoria County;  Texas,white,
RAJANIEMI,Census Tract 1906.01; Bexar County;  Texas,white,
ROCCHI,Census Tract 9710; Navarro County;  Texas,white,
MOJARDIN,Census Tract 4225; Harris County;  Texas,hispanic,
JADE,Census Tract 217.02; Hidalgo County;  Texas,hispanic,
BOULWARE,Census Tract 126.01; Dallas County;  Texas,black,
YAKIM,Census Tract 1615.01; Bexar County;  Texas,white,
LOXTON,Census Tract 211; Williamson County;  Texas,white,
BEAUJEAN,Census Tract 39.02; El Paso County;  Texas,white,
ARNTSEN,Census Tract 18.05; Travis County;  Texas,white,
DARNABY,Census Tract 4.02; Lubbock County;  Texas,white,
DISCALA,Census Tract 103.47; El Paso County;  Texas,white,
PAVLOVA,Census Tract 305.24; Collin County;  Texas,white,
DUCASSE,Census Tract 17.16; Travis County;  Texas,black,
FEUQUAY,Census Tract 101.02; Lubbock County;  Texas,white,
HILSABECK,Census Tract 5430.01; Harris County;  Texas,white,
FATTY,Census Tract 204; Kleberg County;  Texas,api,
KLAP,Census Tract 14; Grayson County;  Texas,white,
BAETA,Census Tract 4.01; Travis County;  Texas,hispanic,
PIACITELLI,Census Tract 2001.02; San Jacinto County;  Texas,white,
DROOG,Census Tract 1302.05; Johnson County;  Texas,white,
PIECEWICZ,Census Tract 3.08; Jefferson County;  Texas,white,
KRANK,Census Tract 9501; Hardeman County;  Texas,white,
HEMMEN,Census Tract 9501; Jasper County;  Texas,white,
LOPEZALVARADO,Census Tract 103.27; El Paso County;  Texas,hispanic,
BLAZEJEWSKI,Census Tract 5505; Harris County;  Texas,white,
TONE,Census Tract 5.01; Gregg County;  Texas,white,
GAFFEN,Census Tract 9502; Nolan County;  Texas,white,
LEMEN,Census Tract 136.16; Dallas County;  Texas,white,
SIGRAH,Census Tract 3234; Harris County;  Texas,api,
HOFSESS,Census Tract 401.02; Rockwall County;  Texas,white,
RENNIER,Census Tract 25.02; Ector County;  Texas,white,
BREAD,Census Tract 9509; Van Zandt County;  Texas,native_american,
WALKOSZ,Census Tract 5523.01; Harris County;  Texas,white,
MATTILA,Census Tract 24.22; Travis County;  Texas,white,
AZPEITIA,Census Tract 59.01; Dallas County;  Texas,hispanic,
MACHOLZ,Census Tract 9504; Montague County;  Texas,white,
SHOTTON,Census Tract 22.02; Lubbock County;  Texas,white,
AVISON,Census Tract 214.04; Denton County;  Texas,white,
BOOTH,Census Tract 6904.01; Montgomery County;  Texas,white,
HERNANDEZRAMOS,Census Tract 9501; Brooks County;  Texas,hispanic,
MARANDINO,Census Tract 4329.02; Harris County;  Texas,white,
JOUDREY,Census Tract 136.18; Dallas County;  Texas,white,
SCHLICHTMANN,Census Tract 10; Brazos County;  Texas,white,
ZOET,Census Tract 239.03; Hidalgo County;  Texas,white,
BUCKELEW,Census Tract 9501.01; Starr County;  Texas,white,
OUART,Census Tract 15.02; Webb County;  Texas,white,
BOESPFLUG,Census Tract 5216; Harris County;  Texas,white,
KITSIS,Census Tract 9507; Bastrop County;  Texas,white,
WESA,Census Tract 20.06; Brazos County;  Texas,white,
CHIME,Census Tract 22; Dallas County;  Texas,black,
MALKAN,Census Tract 25.03; McLennan County;  Texas,api,
BIELEN,Census Tract 9605; Kerr County;  Texas,white,
KARKUT,Census Tract 9502; Jackson County;  Texas,white,
SCHULZETENBERG,Census Tract 17.01; Nueces County;  Texas,white,
SEREMETIS,Census Tract 5222.02; Harris County;  Texas,white,
SHNEYDER,Census Tract 3424; Harris County;  Texas,white,
ARY,Census Tract 3129; Harris County;  Texas,white,
BULLOUGH,Census Tract 1515; Bexar County;  Texas,white,
DEMARTINO,Census Tract 9506; Floyd County;  Texas,white,
GALAT,Census Tract 1315.05; Bexar County;  Texas,white,
VATCHER,Census Tract 17.42; Travis County;  Texas,white,
OSTERBERGER,Census Tract 6729; Fort Bend County;  Texas,white,
SCHWEIGHARDT,Census Tract 23.16; Travis County;  Texas,white,
TRENN,Census Tract 2315; Harris County;  Texas,white,
LENZI,Census Tract 6746.03; Fort Bend County;  Texas,hispanic,
RAILEY,Census Tract 3.03; Midland County;  Texas,black,
ORT,Census Tract 113.03; Jefferson County;  Texas,white,
PENDOWSKI,Census Tract 9501; Bee County;  Texas,white,
DYRDAHL,Census Tract 3111; Harris County;  Texas,white,
SMITHDAVIS,Census Tract 116.01; Dallas County;  Texas,black,
QUASH,Census Tract 1215.01; Bexar County;  Texas,hispanic,
DOUNIS,Census Tract 1602.06; Hood County;  Texas,white,
RUSK,Census Tract 9507; Henderson County;  Texas,black,
BROTEMARKLE,Census Tract 11.01; Dallas County;  Texas,white,
BRIKHO,Census Tract 8.04; Travis County;  Texas,white,
CORSA,Census Tract 1028; Tarrant County;  Texas,white,
BALLAN,Census Tract 3105.03; Comal County;  Texas,white,
RAVENS,Census Tract 9507; Erath County;  Texas,api,
KUEBLER,Census Tract 165.02; Dallas County;  Texas,white,
WISNOWSKI,Census Tract 316.21; Collin County;  Texas,white,
BURANT,Census Tract 103.27; El Paso County;  Texas,white,
SELSTAD,Census Tract 4552; Harris County;  Texas,white,
COPNEY,Census Tract 4218; Harris County;  Texas,black,
HOLTE,Census Tract 215.13; Denton County;  Texas,white,
LICCIARDELLO,Census Tract 9505; Howard County;  Texas,white,
BUICE,Census Tract 1112.02; Tarrant County;  Texas,white,
MONAGAS,Census Tract 192.13; Dallas County;  Texas,hispanic,
WOLFARD,Census Tract 71.01; Dallas County;  Texas,white,
GUTHALS,Census Tract 305.07; Collin County;  Texas,white,
MOYAO,Census Tract 9506; Willacy County;  Texas,hispanic,
WEISBLATT,Census Tract 9.01; Webb County;  Texas,white,
COUVILLION,Census Tract 1805.04; Bexar County;  Texas,white,
REKART,Census Tract 2406; Harris County;  Texas,white,
SCHAUPP,Census Tract 17.14; Webb County;  Texas,white,
CASBARRO,Census Tract 2218; Harris County;  Texas,white,
BRUNNETT,Census Tract 7205.03; Galveston County;  Texas,white,
WILAND,Census Tract 78.25; Dallas County;  Texas,white,
MOISA,Census Tract 9513; Henderson County;  Texas,hispanic,
CARDINEZ,Census Tract 1036.01; Tarrant County;  Texas,black,
LURYE,Census Tract 86.04; Dallas County;  Texas,white,
OATES,Census Tract 103.31; El Paso County;  Texas,white,
CASTREJON,Census Tract 5; Cooke County;  Texas,hispanic,
GONZALEZORTIZ,Census Tract 9502; Cherokee County;  Texas,hispanic,
BARTRAM,Census Tract 136.10; Dallas County;  Texas,black,
COPPING,Census Tract 1105; Tarrant County;  Texas,white,
STAGLIANO,Census Tract 220.03; Hidalgo County;  Texas,white,
ALSHAIF,Census Tract 6754; Fort Bend County;  Texas,white,
BERKBUEGLER,Census Tract 9505; Young County;  Texas,white,
DELY,Census Tract 302.03; Collin County;  Texas,white,
URIBE,Census Tract 4.01; Gregg County;  Texas,hispanic,
CHAPEK,Census Tract 507.03; Kaufman County;  Texas,white,
PALMUCCI,Census Tract 1055.12; Tarrant County;  Texas,white,
FLUELLEN,Census Tract 9510; Hutchinson County;  Texas,black,
WENDEROTH,Census Tract 2540; Harris County;  Texas,white,
DEROSA,Census Tract 1219.04; Bexar County;  Texas,white,
INNISS,Census Tract 5; Medina County;  Texas,black,
TYBOR,Census Tract 9503; Titus County;  Texas,white,
RUSTAN,Census Tract 17; McLennan County;  Texas,white,
RAWE,Census Tract 2539; Harris County;  Texas,white,
JARZAB,Census Tract 2535; Harris County;  Texas,white,
BUNGER,Census Tract 9502.04; Starr County;  Texas,white,
HUMBLES,Census Tract 2511; Harris County;  Texas,black,
HERNANDEZROJAS,Census Tract 1212.06; Bexar County;  Texas,hispanic,
KEPOO,Census Tract 9502.03; Starr County;  Texas,hispanic,
LOPEZCASTILLO,Census Tract 17.06; Tom Green County;  Texas,hispanic,
WANGER,Census Tract 2107.11; Guadalupe County;  Texas,white,
YEP,Census Tract 238.01; Hidalgo County;  Texas,api,
GRINSHTEYN,Census Tract 5326; Harris County;  Texas,white,
YATES,Census Tract 31; El Paso County;  Texas,white,
GANNUSCIO,Census Tract 3109; Harris County;  Texas,white,
EGEBERG,Census Tract 1719.23; Bexar County;  Texas,white,
ASNES,Census Tract 1115.14; Tarrant County;  Texas,white,
CHESSOR,Census Tract 1620.01; Bexar County;  Texas,white,
JUENEMANN,Census Tract 9502; Van Zandt County;  Texas,white,
WETCH,Census Tract 121; Dallas County;  Texas,white,
GHAHREMANI,Census Tract 9607; Hunt County;  Texas,white,
HAZEN,Census Tract 316.47; Collin County;  Texas,white,
SPRUEL,Census Tract 6709.02; Fort Bend County;  Texas,black,
RAID,Census Tract 110; Bowie County;  Texas,white,
END,Census Tract 38; Dallas County;  Texas,white,
COCCHIARELLA,Census Tract 153.06; Dallas County;  Texas,white,
CRUZLOPEZ,Census Tract 61; Jefferson County;  Texas,hispanic,
WOROBEY,Census Tract 1065.07; Tarrant County;  Texas,white,
MAYUGA,Census Tract 2.01; Wilson County;  Texas,api,
PILKERTON,Census Tract 3217; Harris County;  Texas,white,
BASHIAN,Census Tract 17.12; Webb County;  Texas,white,
LIBURDI,Census Tract 316.48; Collin County;  Texas,white,
STARLIPER,Census Tract 9504.02; Fannin County;  Texas,white,
DUNKLEMAN,Census Tract 14.02; Webb County;  Texas,white,
SWAGGERT,Census Tract 137.14; Dallas County;  Texas,white,
BORENGASSER,Census Tract 1.08; Webb County;  Texas,white,
STALVEY,Census Tract 512.01; Kaufman County;  Texas,white,
HIMMELBERGER,Census Tract 9503; Milam County;  Texas,white,
FRONTERA,Census Tract 9501; Sterling County;  Texas,two or more,
SPEIS,Census Tract 235.07; Hidalgo County;  Texas,white,
POMPOSELLI,Census Tract 9501; Franklin County;  Texas,white,
SINITIERE,Census Tract 1707; Bexar County;  Texas,white,
PINGREE,Census Tract 107; Bowie County;  Texas,white,
WECKBACHER,Census Tract 9900; Nueces County;  Texas,hispanic,
RABIL,Census Tract 131; Wichita County;  Texas,white,
GADDI,Census Tract 9; Lubbock County;  Texas,white,
LINERODE,Census Tract 216.13; Denton County;  Texas,white,
DRUE,Census Tract 317.16; Collin County;  Texas,white,
DETWEILER,Census Tract 18.18; Webb County;  Texas,white,
ZUBERI,Census Tract 145.01; Dallas County;  Texas,white,
GOETHALS,Census Tract 6923; Montgomery County;  Texas,white,
BUSHBY,Census Tract 18.05; Travis County;  Texas,white,
EDMERSON,Census Tract 120.01; Cameron County;  Texas,black,
BYMA,Census Tract 106.01; San Patricio County;  Texas,white,
VENTICINQUE,Census Tract 6946; Montgomery County;  Texas,white,
GRIEBENOW,Census Tract 203; Archer County;  Texas,hispanic,
KHAZANOV,Census Tract 9508; Nacogdoches County;  Texas,white,
KOSTIC,Census Tract 4; Smith County;  Texas,white,
KANABLE,Census Tract 111.03; Dallas County;  Texas,white,
HILDEBRAN,Census Tract 4307; Harris County;  Texas,white,
BROMBEREK,Census Tract 96.05; Dallas County;  Texas,white,
BRAZDA,Census Tract 1136.13; Tarrant County;  Texas,white,
JELLIS,Census Tract 3402.01; Harris County;  Texas,white,
HAZLERIG,Census Tract 1602.04; Hood County;  Texas,white,
CHAIKA,Census Tract 113.02; Jefferson County;  Texas,white,
DIRCKSEN,Census Tract 15.03; Travis County;  Texas,white,
REAUX,Census Tract 1113.07; Tarrant County;  Texas,black,
NOBRIGA,Census Tract 9502; Van Zandt County;  Texas,hispanic,
MULLENAUX,Census Tract 1219.09; Bexar County;  Texas,white,
MEDINAREYES,Census Tract 1918.10; Bexar County;  Texas,hispanic,
CRONRATH,Census Tract 9706; Llano County;  Texas,white,
CHAPERON,Census Tract 9502; Cass County;  Texas,white,
HROVAT,Census Tract 9501; Blanco County;  Texas,white,
GRAYBILL,Census Tract 3; Madison County;  Texas,white,
GRANILLO,Census Tract 17.40; Travis County;  Texas,hispanic,
VILLARD,Census Tract 6707; Fort Bend County;  Texas,white,
KALIAN,Census Tract 133.09; Cameron County;  Texas,white,
OPARAH,Census Tract 105.05; Lubbock County;  Texas,black,
DIMARIA,Census Tract 9703; Karnes County;  Texas,white,
KIRCHMANN,Census Tract 9505.02; Bastrop County;  Texas,white,
GOVERNOR,Census Tract 3101; Comal County;  Texas,black,
MOAWAD,Census Tract 7204; Galveston County;  Texas,white,
CLENDENNEN,Census Tract 1717; Bexar County;  Texas,white,
DORRIER,Census Tract 1135.14; Tarrant County;  Texas,white,
NORDSKOG,Census Tract 134; Potter County;  Texas,white,
CONTRINO,Census Tract 43.09; El Paso County;  Texas,white,
CLUNEY,Census Tract 43.18; El Paso County;  Texas,white,
GENIUS,Census Tract 144.03; Dallas County;  Texas,black,
DELBUONO,Census Tract 101; Hays County;  Texas,white,
SMITHI,Census Tract 12; Nueces County;  Texas,white,
SCHMAHL,Census Tract 9509; Howard County;  Texas,white,
MUTYALA,Census Tract 4207; Harris County;  Texas,api,
DZIK,Census Tract 214.06; Denton County;  Texas,white,
HARPS,Census Tract 3403.01; Harris County;  Texas,black,
PESCOSOLIDO,Census Tract 1001.01; Tarrant County;  Texas,white,
JENTZ,Census Tract 3431; Harris County;  Texas,white,
DEWEES,Census Tract 9608; Hunt County;  Texas,white,
KIMERER,Census Tract 24.09; Travis County;  Texas,white,
CELLA,Census Tract 4544; Harris County;  Texas,white,
GUGLIETTA,Census Tract 40.02; El Paso County;  Texas,white,
ABRIAM,Census Tract 9507; Anderson County;  Texas,api,
MOISAN,Census Tract 1215.04; Bexar County;  Texas,white,
PUC,Census Tract 305.19; Collin County;  Texas,hispanic,
LEAYM,Census Tract 9; Tom Green County;  Texas,white,
HAYEN,Census Tract 1134.04; Tarrant County;  Texas,white,
FOG,Census Tract 127.02; Dallas County;  Texas,white,
FARINO,Census Tract 9506; Upshur County;  Texas,white,
CHERTOFF,Census Tract 103; Potter County;  Texas,white,
TROY,Census Tract 13.08; Travis County;  Texas,white,
OTREMBA,Census Tract 1304.09; Johnson County;  Texas,white,
ANDRESKI,Census Tract 6753; Fort Bend County;  Texas,white,
BARCHUS,Census Tract 9504; Bastrop County;  Texas,white,
MONASTERO,Census Tract 201.12; Williamson County;  Texas,white,
POMFREY,Census Tract 9501; Blanco County;  Texas,white,
BELLING,Census Tract 18.54; Travis County;  Texas,white,
CAZEE,Census Tract 26; El Paso County;  Texas,white,
SHULTIS,Census Tract 121; Dallas County;  Texas,white,
WESSINGER,Census Tract 6742; Fort Bend County;  Texas,white,
SAGHIAN,Census Tract 1218.09; Bexar County;  Texas,white,
BISKUPSKI,Census Tract 15.05; Travis County;  Texas,white,
NEELON,Census Tract 1130.01; Tarrant County;  Texas,white,
LAUBHAN,Census Tract 2; Palo Pinto County;  Texas,white,
TUASON,Census Tract 1216.01; Tarrant County;  Texas,api,
ZERBST,Census Tract 7203.01; Galveston County;  Texas,white,
DOLO,Census Tract 17.33; Travis County;  Texas,white,
VENNEMANN,Census Tract 9608; Kerr County;  Texas,white,
EVERETTE,Census Tract 6639; Brazoria County;  Texas,white,
PYSZKA,Census Tract 208.04; Williamson County;  Texas,hispanic,
SAUK,Census Tract 108.05; Hays County;  Texas,white,
TAMRAKAR,Census Tract 3402.03; Harris County;  Texas,api,
PUNGITORE,Census Tract 9501; Gillespie County;  Texas,white,
RUVALCABA,Census Tract 2327.01; Harris County;  Texas,hispanic,
CLECKNER,Census Tract 17.07; Lubbock County;  Texas,white,
GOMAN,Census Tract 9503; Tyler County;  Texas,white,
SMITHBACK,Census Tract 175; Dallas County;  Texas,white,
SWEGLES,Census Tract 1065.10; Tarrant County;  Texas,white,
VISCOSI,Census Tract 17; Smith County;  Texas,white,
MANDOZA,Census Tract 9704.01; Kendall County;  Texas,hispanic,
APAO,Census Tract 241.11; Hidalgo County;  Texas,hispanic,
JUTZ,Census Tract 6616.02; Brazoria County;  Texas,white,
FREVELE,Census Tract 26.02; Nueces County;  Texas,white,
WESSEH,Census Tract 4224.02; Harris County;  Texas,black,
HERNANDEZR,Census Tract 6.01; Webb County;  Texas,hispanic,
HISTAND,Census Tract 6627; Brazoria County;  Texas,white,
REKIETA,Census Tract 119; Dallas County;  Texas,white,
ALLDREAD,Census Tract 5550; Harris County;  Texas,white,
BOMER,Census Tract 1918.13; Bexar County;  Texas,white,
DANLY,Census Tract 1404.07; Parker County;  Texas,white,
JEFFRESS,Census Tract 7905; Walker County;  Texas,black,
ASHMORE,Census Tract 17; Ector County;  Texas,black,
AGABO,Census Tract 4530; Harris County;  Texas,hispanic,
BAREMAN,Census Tract 54.11; Nueces County;  Texas,white,
MCNEIL,Census Tract 40.04; El Paso County;  Texas,black,
DIODATO,Census Tract 55; Dallas County;  Texas,white,
STELLWAG,Census Tract 1046.01; Tarrant County;  Texas,white,
SALSER,Census Tract 316.64; Collin County;  Texas,white,
SWIGER,Census Tract 178.12; Dallas County;  Texas,white,
TANKSON,Census Tract 17.07; Tom Green County;  Texas,black,
WENDORFF,Census Tract 1048.02; Tarrant County;  Texas,white,
TESNOW,Census Tract 1818.16; Bexar County;  Texas,white,
WILFLEY,Census Tract 9501; Coke County;  Texas,white,
KULENKAMP,Census Tract 59.01; Dallas County;  Texas,white,
MAZALEWSKI,Census Tract 17.07; Lubbock County;  Texas,white,
ALASPA,Census Tract 17.79; Travis County;  Texas,white,
DURRWACHTER,Census Tract 106; Hays County;  Texas,white,
LYNOTT,Census Tract 5501; Harris County;  Texas,white,
UHLENBROCK,Census Tract 7; Lubbock County;  Texas,white,
ONIA,Census Tract 11; Cooke County;  Texas,api,
BURQUEZ,Census Tract 11; Nueces County;  Texas,hispanic,
FALSETTO,Census Tract 1613.02; Bexar County;  Texas,white,
ARCADIA,Census Tract 9504; Jim Wells County;  Texas,hispanic,
MCCLOUGHAN,Census Tract 3101; Harris County;  Texas,white,
VASCONEZ,Census Tract 6734; Fort Bend County;  Texas,hispanic,
HOGER,Census Tract 9505; Hale County;  Texas,white,
KRONQUIST,Census Tract 1906.03; Bexar County;  Texas,white,
SWAINE,Census Tract 4334; Harris County;  Texas,white,
KELBERT,Census Tract 1816.01; Bexar County;  Texas,white,
CHALTRY,Census Tract 234.02; Bell County;  Texas,white,
CUCCHIARO,Census Tract 7204; Galveston County;  Texas,white,
RAITEN,Census Tract 2408.02; Harris County;  Texas,white,
MADER,Census Tract 101.01; El Paso County;  Texas,white,
MICCO,Census Tract 404.02; Rockwall County;  Texas,native_american,
MIGHT,Census Tract 166.26; Dallas County;  Texas,white,
KAUSAR,Census Tract 3206.02; Harris County;  Texas,api,
OISTAD,Census Tract 6745.01; Fort Bend County;  Texas,white,
SLYGH,Census Tract 201.13; Denton County;  Texas,white,
POON,Census Tract 16.01; Brazos County;  Texas,black,
SIWY,Census Tract 5320.01; Harris County;  Texas,white,
LATRAILLE,Census Tract 1817.30; Bexar County;  Texas,native_american,
INGE,Census Tract 1135.17; Tarrant County;  Texas,white,
PLEIN,Census Tract 111.02; Jefferson County;  Texas,white,
CLINEBELL,Census Tract 212.03; Williamson County;  Texas,white,
HANNIGAN,Census Tract 122.04; Dallas County;  Texas,white,
BENOFF,Census Tract 9900; Kleberg County;  Texas,white,
ABATE,Census Tract 18.10; Webb County;  Texas,white,
INGLEBY,Census Tract 9800; Wichita County;  Texas,white,
GUISBERT,Census Tract 126.01; Dallas County;  Texas,white,
REEP,Census Tract 4511; Harris County;  Texas,white,
JACO,Census Tract 3311; Harris County;  Texas,white,
CASSELS,Census Tract 212.02; Denton County;  Texas,white,
PAUZA,Census Tract 3329; Harris County;  Texas,hispanic,
PICCININI,Census Tract 216.02; Bell County;  Texas,white,
PICKETTE,Census Tract 9800; Tarrant County;  Texas,white,
FRANCEK,Census Tract 9800; Hidalgo County;  Texas,white,
PALENCIA,Census Tract 9501; Trinity County;  Texas,hispanic,
SZEPANSKI,Census Tract 104.05; Lubbock County;  Texas,white,
HAUSNER,Census Tract 102.07; El Paso County;  Texas,white,
CRORY,Census Tract 7211; Galveston County;  Texas,white,
DILLAHUNT,Census Tract 1918.09; Bexar County;  Texas,black,
COMIA,Census Tract 5557.01; Harris County;  Texas,api,
HOLLINGER,Census Tract 181.29; Dallas County;  Texas,white,
BILAN,Census Tract 1803; Bexar County;  Texas,white,
QUEIROZ,Census Tract 4510.01; Harris County;  Texas,hispanic,
ESCARRA,Census Tract 9506; Lynn County;  Texas,hispanic,
SCUTT,Census Tract 9505; Brewster County;  Texas,white,
LESHOVSKY,Census Tract 1135.20; Tarrant County;  Texas,white,
ANGERHOFER,Census Tract 114; Taylor County;  Texas,white,
WIPF,Census Tract 116; Potter County;  Texas,white,
BRIGDEN,Census Tract 215.07; Williamson County;  Texas,white,
CORDLE,Census Tract 1137.05; Tarrant County;  Texas,white,
WOMMACK,Census Tract 9606; Kerr County;  Texas,white,
DALLEY,Census Tract 1403; Parker County;  Texas,black,
SEMERE,Census Tract 318.04; Collin County;  Texas,black,
SCHAUDER,Census Tract 95; Dallas County;  Texas,white,
YEGIAZARYAN,Census Tract 1312; Bexar County;  Texas,white,
OTZELBERGER,Census Tract 1063; Tarrant County;  Texas,white,
TRAINQUE,Census Tract 4313.01; Harris County;  Texas,white,
LELEUX,Census Tract 1719.16; Bexar County;  Texas,white,
COCHREN,Census Tract 5507; Harris County;  Texas,white,
MELDE,Census Tract 65.02; Dallas County;  Texas,white,
ZAKHAROVA,Census Tract 1918.11; Bexar County;  Texas,white,
KLOPP,Census Tract 6.03; Brazos County;  Texas,white,
SHADDY,Census Tract 102.02; San Patricio County;  Texas,white,
PRENDIZ,Census Tract 4232.01; Harris County;  Texas,hispanic,
SALANO,Census Tract 18.07; Webb County;  Texas,hispanic,
BENHAIM,Census Tract 4534.01; Harris County;  Texas,white,
WOODRELL,Census Tract 203.21; Williamson County;  Texas,white,
HEIFETZ,Census Tract 3117; Harris County;  Texas,white,
ANSEL,Census Tract 3411; Harris County;  Texas,white,
CRAWMER,Census Tract 18.41; Travis County;  Texas,white,
STICKLAND,Census Tract 130.09; Dallas County;  Texas,white,
PHENIX,Census Tract 303.02; Clay County;  Texas,white,
NESPOLI,Census Tract 4305; Harris County;  Texas,white,
VENIT,Census Tract 3104.01; Comal County;  Texas,white,
BROSSARD,Census Tract 9900; Brazoria County;  Texas,white,
PETRUSKY,Census Tract 9503.02; Val Verde County;  Texas,white,
SKINKER,Census Tract 141.30; Dallas County;  Texas,white,
GIMENES,Census Tract 12.02; El Paso County;  Texas,white,
STRODE,Census Tract 1508; Bexar County;  Texas,white,
THIRKIELD,Census Tract 6750; Fort Bend County;  Texas,white,
ADENT,Census Tract 108.05; Dallas County;  Texas,white,
MAGARGEE,Census Tract 139; Potter County;  Texas,white,
GOURAS,Census Tract 1915.06; Bexar County;  Texas,white,
ORBETA,Census Tract 9702; Navarro County;  Texas,api,
LAWN,Census Tract 125; Taylor County;  Texas,white,
DISLER,Census Tract 6928.02; Montgomery County;  Texas,white,
MORSS,Census Tract 1214.03; Bexar County;  Texas,black,
LIEDERBACH,Census Tract 2.04; El Paso County;  Texas,white,
POITRA,Census Tract 5216; Harris County;  Texas,native_american,
WOLANSKI,Census Tract 181.20; Dallas County;  Texas,white,
DERINGER,Census Tract 9501; San Augustine County;  Texas,white,
OREFICE,Census Tract 164.06; Dallas County;  Texas,white,
MANIBUSAN,Census Tract 130.05; Dallas County;  Texas,api,
PICKFORD,Census Tract 136.22; Dallas County;  Texas,white,
RUBINS,Census Tract 3206.01; Harris County;  Texas,white,
KREJCI,Census Tract 1014.01; Tarrant County;  Texas,white,
IAROSSI,Census Tract 9505; Trinity County;  Texas,white,
CYPERT,Census Tract 141.26; Dallas County;  Texas,white,
MATLOW,Census Tract 41.03; McLennan County;  Texas,white,
SCHLEIFER,Census Tract 164.07; Dallas County;  Texas,white,
ACKS,Census Tract 33.05; Nueces County;  Texas,white,
MUNCK,Census Tract 102.14; El Paso County;  Texas,white,
CAHOON,Census Tract 217.04; Randall County;  Texas,white,
KETCHEL,Census Tract 118; Potter County;  Texas,white,
SPIER,Census Tract 6937; Montgomery County;  Texas,white,
REDAR,Census Tract 11.02; Grayson County;  Texas,white,
MELBERT,Census Tract 13.03; Travis County;  Texas,white,
SOMSEN,Census Tract 161; Dallas County;  Texas,white,
RASCH,Census Tract 17.54; Travis County;  Texas,hispanic,
WITTHOFT,Census Tract 9505; Lynn County;  Texas,white,
SELAH,Census Tract 1910.06; Bexar County;  Texas,white,
ALKAN,Census Tract 6919; Montgomery County;  Texas,white,
DEMMER,Census Tract 1219.06; Bexar County;  Texas,white,
GUENZEL,Census Tract 9502; Cass County;  Texas,white,
COICOU,Census Tract 7306; Matagorda County;  Texas,black,
HEATWOLE,Census Tract 1065.18; Tarrant County;  Texas,white,
ASPEY,Census Tract 132.05; Cameron County;  Texas,white,
RUMSCHLAG,Census Tract 7208; Galveston County;  Texas,white,
HARTERT,Census Tract 316.22; Collin County;  Texas,white,
YEAKEL,Census Tract 51; Dallas County;  Texas,white,
SURRETTE,Census Tract 9706; Limestone County;  Texas,white,
GAVER,Census Tract 1216.06; Bexar County;  Texas,white,
ARANYOS,Census Tract 5333; Harris County;  Texas,white,
MCNOWN,Census Tract 1911.02; Bexar County;  Texas,white,
BRETT,Census Tract 1806.04; Bexar County;  Texas,white,
MACVEIGH,Census Tract 3411; Harris County;  Texas,white,
PATMORE,Census Tract 17.02; Tom Green County;  Texas,white,
KARSCH,Census Tract 96.07; Dallas County;  Texas,white,
VANDERLAAN,Census Tract 4531; Harris County;  Texas,white,
STRACKE,Census Tract 4103; Harris County;  Texas,white,
MOOTRY,Census Tract 9513; Brown County;  Texas,black,
NOY,Census Tract 1113.07; Tarrant County;  Texas,white,
LIENEMANN,Census Tract 139.03; Cameron County;  Texas,white,
SOFFE,Census Tract 2531; Harris County;  Texas,white,
RAMIREZRIVERA,Census Tract 9501; King County;  Texas,hispanic,
COWELL,Census Tract 5416.02; Harris County;  Texas,hispanic,
WOGHIREN,Census Tract 1906.04; Bexar County;  Texas,black,
DUCHESNEAU,Census Tract 32.02; Nueces County;  Texas,white,
DEGGES,Census Tract 305.01; Hardin County;  Texas,white,
MACRITCHIE,Census Tract 9510; Henderson County;  Texas,white,
ANOZIE,Census Tract 78.26; Dallas County;  Texas,black,
BENDALL,Census Tract 5; Lubbock County;  Texas,white,
BISSETTE,Census Tract 205.04; Hidalgo County;  Texas,white,
RABADAN,Census Tract 9503; Shelby County;  Texas,hispanic,
ALDWORTH,Census Tract 3116; Harris County;  Texas,white,
DANILYUK,Census Tract 7248; Galveston County;  Texas,white,
LERA,Census Tract 2516; Harris County;  Texas,white,
FOGGIA,Census Tract 1; Midland County;  Texas,white,
BENISEK,Census Tract 6742; Fort Bend County;  Texas,white,
WOJT,Census Tract 1509; Bexar County;  Texas,white,
BEMENT,Census Tract 7; Jefferson County;  Texas,white,
GONZELEZ,Census Tract 9504; Deaf Smith County;  Texas,hispanic,
PRIESTLEY,Census Tract 1504; Bexar County;  Texas,white,
ZYWIEC,Census Tract 113; Dallas County;  Texas,white,
NO,Census Tract 9508; Hutchinson County;  Texas,api,
BUDWAY,Census Tract 9602; Burnet County;  Texas,white,
MEYERHOEFFER,Census Tract 5223.01; Harris County;  Texas,white,
STODDART,Census Tract 159; Dallas County;  Texas,white,
REWERTS,Census Tract 1115.41; Tarrant County;  Texas,white,
ZAWROTNY,Census Tract 1817.20; Bexar County;  Texas,white,
CHOWDHURY,Census Tract 1806.02; Bexar County;  Texas,api,
DALLESANDRO,Census Tract 17.18; Webb County;  Texas,white,
ARLET,Census Tract 16.01; Lubbock County;  Texas,white,
VALLOTTON,Census Tract 9501.06; Starr County;  Texas,white,
FELCH,Census Tract 302; Clay County;  Texas,white,
CHAIN,Census Tract 18.15; Webb County;  Texas,white,
CHALOUPKA,Census Tract 4325; Harris County;  Texas,white,
HOLBORN,Census Tract 1131.07; Tarrant County;  Texas,white,
TRESP,Census Tract 9505; McCulloch County;  Texas,white,
NEUFFER,Census Tract 19; Ector County;  Texas,white,
GERSHMAN,Census Tract 6633; Brazoria County;  Texas,white,
LINNEMANN,Census Tract 7221; Galveston County;  Texas,white,
SHELLS,Census Tract 311; Collin County;  Texas,black,
WALLAKER,Census Tract 6804; Waller County;  Texas,white,
GRUBIC,Census Tract 115; Dallas County;  Texas,white,
DENENBERG,Census Tract 613; Ellis County;  Texas,white,
MIRABITO,Census Tract 1139.26; Tarrant County;  Texas,hispanic,
WRIGHT,Census Tract 3408; Harris County;  Texas,white,
HOEBEKE,Census Tract 5224.02; Harris County;  Texas,white,
SOPON,Census Tract 103; Taylor County;  Texas,hispanic,
OCZKOWSKI,Census Tract 1017; Tarrant County;  Texas,white,
MOTICHKA,Census Tract 222.01; Hidalgo County;  Texas,white,
HOFLER,Census Tract 1054.06; Tarrant County;  Texas,white,
SINSHEIMER,Census Tract 3211; Harris County;  Texas,white,
SOJO,Census Tract 4113; Harris County;  Texas,white,
PURDY,Census Tract 9508.02; Howard County;  Texas,white,
KARLSTAD,Census Tract 214.03; Hidalgo County;  Texas,white,
BENARROCH,Census Tract 219.04; Bell County;  Texas,white,
PORTALATIN,Census Tract 241.07; Hidalgo County;  Texas,hispanic,
HOEDEBECK,Census Tract 9505; Gillespie County;  Texas,white,
LYBARGER,Census Tract 1139.22; Tarrant County;  Texas,white,
MCKELLER,Census Tract 208.06; Williamson County;  Texas,hispanic,
RAKHMANOV,Census Tract 2519.01; Harris County;  Texas,white,
TWETE,Census Tract 9502.01; Maverick County;  Texas,white,
ZEITLIN,Census Tract 6718; Fort Bend County;  Texas,white,
ACEBAL,Census Tract 17.68; Travis County;  Texas,hispanic,
HAZELRIGG,Census Tract 405.06; Rockwall County;  Texas,white,
PESL,Census Tract 108.06; Hays County;  Texas,white,
OWSINSKI,Census Tract 109; Cameron County;  Texas,white,
MARTON,Census Tract 16.02; Lubbock County;  Texas,black,
DANISE,Census Tract 1136.28; Tarrant County;  Texas,white,
AMBAYE,Census Tract 103.31; El Paso County;  Texas,black,
CADARETTE,Census Tract 1814.04; Bexar County;  Texas,white,
ZACCARDI,Census Tract 9702; Llano County;  Texas,white,
DULMAINE,Census Tract 1141.02; Tarrant County;  Texas,white,
BOOQUA,Census Tract 6709.01; Fort Bend County;  Texas,native_american,
CREAGH,Census Tract 1818.24; Bexar County;  Texas,white,
ELIZAGA,Census Tract 9505; Brown County;  Texas,api,
MANRY,Census Tract 1139.09; Tarrant County;  Texas,white,
PETRIE,Census Tract 5309; Harris County;  Texas,white,
COENE,Census Tract 9504; Gray County;  Texas,white,
HOOT,Census Tract 2109.02; Guadalupe County;  Texas,white,
CORTER,Census Tract 2317; Harris County;  Texas,white,
WEINARD,Census Tract 17.02; Brazos County;  Texas,white,
EICHNER,Census Tract 9503; Baylor County;  Texas,white,
ROCAP,Census Tract 2101.01; Polk County;  Texas,white,
SCHELB,Census Tract 9512; Henderson County;  Texas,white,
LAZU,Census Tract 304.04; Collin County;  Texas,hispanic,
KORANDO,Census Tract 2; Midland County;  Texas,white,
HERINGER,Census Tract 9507.02; Starr County;  Texas,white,
GABAY,Census Tract 5527; Harris County;  Texas,hispanic,
GETTE,Census Tract 130.09; Dallas County;  Texas,hispanic,
BERNI,Census Tract 1818.14; Bexar County;  Texas,hispanic,
FITZSIMON,Census Tract 9506; Floyd County;  Texas,white,
POLVERARI,Census Tract 1218.11; Bexar County;  Texas,white,
PAIDER,Census Tract 78.04; Dallas County;  Texas,white,
LUDVIGSEN,Census Tract 108.04; Dallas County;  Texas,white,
MANCERO,Census Tract 9505; Hale County;  Texas,hispanic,
JAENKE,Census Tract 8; Dallas County;  Texas,white,
WEDGEWORTH,Census Tract 43.09; El Paso County;  Texas,white,
WINNETT,Census Tract 1605.01; Bexar County;  Texas,white,
WERRA,Census Tract 9510; Van Zandt County;  Texas,white,
GALYEN,Census Tract 2.02; Smith County;  Texas,white,
BALMA,Census Tract 405.05; Rockwall County;  Texas,white,
EREKSON,Census Tract 5430.01; Harris County;  Texas,white,
LULOW,Census Tract 9504; Swisher County;  Texas,white,
SCHLEUSNER,Census Tract 3216; Harris County;  Texas,white,
ROSKOWSKI,Census Tract 316.13; Collin County;  Texas,white,
TEEPLE,Census Tract 2106.06; Guadalupe County;  Texas,white,
PAQUIN,Census Tract 3414; Harris County;  Texas,white,
ATIENZO,Census Tract 30.01; Nueces County;  Texas,hispanic,
WYSS,Census Tract 22.03; Lubbock County;  Texas,white,
FONTANINI,Census Tract 204.03; Williamson County;  Texas,hispanic,
ALJIC,Census Tract 9502; Donley County;  Texas,white,
WOODEN,Census Tract 2; Midland County;  Texas,white,
HAVERS,Census Tract 116; Potter County;  Texas,hispanic,
HABERSTOCK,Census Tract 203.13; Williamson County;  Texas,white,
LOPRINZI,Census Tract 126.12; Cameron County;  Texas,white,
SOSINSKI,Census Tract 66; Jefferson County;  Texas,white,
VENEMAN,Census Tract 115; Jefferson County;  Texas,white,
FELBERG,Census Tract 34.04; El Paso County;  Texas,white,
RIPPERDA,Census Tract 316.28; Collin County;  Texas,white,
MENICHELLI,Census Tract 9505; Stephens County;  Texas,white,
CONELL,Census Tract 9.03; Webb County;  Texas,white,
MARTINECK,Census Tract 13.01; Brazos County;  Texas,white,
NUNO,Census Tract 9503; Menard County;  Texas,hispanic,
STGERMAIN,Census Tract 7901.02; Walker County;  Texas,white,
SPILLAR,Census Tract 9503; Stonewall County;  Texas,white,
JEMMOTT,Census Tract 4515; Harris County;  Texas,white,
SWEI,Census Tract 127; Cameron County;  Texas,white,
BYAL,Census Tract 9508; Wood County;  Texas,white,
WILGER,Census Tract 9508; Van Zandt County;  Texas,white,
PROVINE,Census Tract 9502; Sabine County;  Texas,black,
HOWL,Census Tract 235; Bell County;  Texas,white,
BOSSUNG,Census Tract 16.01; Brazos County;  Texas,white,
KOHLMAN,Census Tract 24.10; Travis County;  Texas,white,
STOCKEBRAND,Census Tract 3402.02; Harris County;  Texas,white,
SELIGSON,Census Tract 7230; Galveston County;  Texas,white,
CHUK,Census Tract 9501; Anderson County;  Texas,white,
RABEL,Census Tract 1406; Bexar County;  Texas,white,
POELLNITZ,Census Tract 19.14; Travis County;  Texas,black,
LAMONACA,Census Tract 136.19; Dallas County;  Texas,white,
WANTUCH,Census Tract 214; Orange County;  Texas,white,
SUA,Census Tract 9510; Van Zandt County;  Texas,api,
COLEE,Census Tract 1115.16; Tarrant County;  Texas,white,
DAYOAN,Census Tract 3305; Harris County;  Texas,api,
SNELLEN,Census Tract 2230.02; Harris County;  Texas,white,
ROSETT,Census Tract 9; Jefferson County;  Texas,white,
WALTZER,Census Tract 4229; Harris County;  Texas,white,
KINSLER,Census Tract 24.32; Travis County;  Texas,white,
HEALE,Census Tract 1.09; Webb County;  Texas,white,
FRINK,Census Tract 192.03; Dallas County;  Texas,white,
KAKALIA,Census Tract 4201; Harris County;  Texas,hispanic,
CAMERATO,Census Tract 214.03; Denton County;  Texas,white,
PUHALLA,Census Tract 9.02; Angelina County;  Texas,white,
LUAL,Census Tract 1719.12; Bexar County;  Texas,black,
ONEALL,Census Tract 5515; Harris County;  Texas,white,
BARCROFT,Census Tract 5412.03; Harris County;  Texas,white,
GAZZOLO,Census Tract 6938; Montgomery County;  Texas,white,
GRAHAN,Census Tract 202.05; Denton County;  Texas,white,
BENGS,Census Tract 9503.01; Lampasas County;  Texas,white,
BIG,Census Tract 1807.02; Bexar County;  Texas,white,
BUTAY,Census Tract 19; Ector County;  Texas,api,
AMERICA,Census Tract 103.27; El Paso County;  Texas,white,
PENZEL,Census Tract 7248; Galveston County;  Texas,white,
MIRELES,Census Tract 17.80; Travis County;  Texas,hispanic,
YANDURA,Census Tract 9509.03; Henderson County;  Texas,white,
DEAVILLA,Census Tract 6641; Brazoria County;  Texas,white,
GROEPPER,Census Tract 18.20; Travis County;  Texas,white,
WUSTERBARTH,Census Tract 216.01; Williamson County;  Texas,white,
GUTELIUS,Census Tract 166.20; Dallas County;  Texas,white,
PAZDAN,Census Tract 9507; Gray County;  Texas,white,
MERIS,Census Tract 9501; Ochiltree County;  Texas,white,
RIDNOUR,Census Tract 4320.01; Harris County;  Texas,white,
OGIBA,Census Tract 9504; Marion County;  Texas,white,
VANDENBUSH,Census Tract 302.01; Collin County;  Texas,white,
BANASZEK,Census Tract 135; Taylor County;  Texas,white,
LISENBE,Census Tract 5113.02; Harris County;  Texas,white,
BAKAL,Census Tract 1316.09; Bexar County;  Texas,white,
MCGRADY,Census Tract 152.05; Dallas County;  Texas,white,
DISHINGER,Census Tract 1114.09; Tarrant County;  Texas,white,
ORSUA,Census Tract 1404.09; Parker County;  Texas,api,
HIMMELHEBER,Census Tract 9800; Val Verde County;  Texas,white,
FAGGIANO,Census Tract 9702; Limestone County;  Texas,white,
GOCHMAN,Census Tract 201.01; Jones County;  Texas,white,
SCHOELLER,Census Tract 9503; Lamb County;  Texas,white,
GALDI,Census Tract 9504; Willacy County;  Texas,white,
PARRELL,Census Tract 1407.06; Parker County;  Texas,white,
HATSTAT,Census Tract 9503; Hamilton County;  Texas,white,
KRUER,Census Tract 1138.09; Tarrant County;  Texas,white,
RAWAL,Census Tract 9704; Navarro County;  Texas,api,
GROESS,Census Tract 22.01; Travis County;  Texas,white,
CZARNIECKI,Census Tract 128.01; Taylor County;  Texas,white,
MISNER,Census Tract 5.01; Grayson County;  Texas,white,
BANACK,Census Tract 218; Orange County;  Texas,white,
SAINTLOUIS,Census Tract 7223; Galveston County;  Texas,black,
ESTEVANE,Census Tract 24.02; Travis County;  Texas,hispanic,
CRACKNELL,Census Tract 60; Nueces County;  Texas,white,
LOYO,Census Tract 1.01; El Paso County;  Texas,hispanic,
BUYCE,Census Tract 217.43; Denton County;  Texas,white,
FRINK,Census Tract 152.06; Dallas County;  Texas,white,
PETRAS,Census Tract 177.04; Dallas County;  Texas,white,
SANES,Census Tract 181.23; Dallas County;  Texas,black,
BOTOS,Census Tract 101.01; Lubbock County;  Texas,white,
BEANEY,Census Tract 9503; Stonewall County;  Texas,white,
SCHRAG,Census Tract 1702; Bexar County;  Texas,white,
HEBERLE,Census Tract 17.38; Travis County;  Texas,api,
IDELSON,Census Tract 9503; Houston County;  Texas,white,
FIKSE,Census Tract 306.05; Collin County;  Texas,white,
CABLAYAN,Census Tract 4314.02; Harris County;  Texas,black,
DOHENY,Census Tract 1140.06; Tarrant County;  Texas,white,
REGALA,Census Tract 1115.30; Tarrant County;  Texas,api,
KONDO,Census Tract 1135.10; Tarrant County;  Texas,white,
SAURINI,Census Tract 6741; Fort Bend County;  Texas,white,
VIDARTE,Census Tract 9505; Lampasas County;  Texas,hispanic,
DULAY,Census Tract 217.26; Denton County;  Texas,white,
EBERSBACH,Census Tract 162.02; Dallas County;  Texas,white,
GRIGORENKO,Census Tract 24.02; Travis County;  Texas,white,
DENHARTOG,Census Tract 4120; Harris County;  Texas,white,
HEITKE,Census Tract 25; Jefferson County;  Texas,white,
STEFEK,Census Tract 5317; Harris County;  Texas,white,
WERMELING,Census Tract 6710.01; Fort Bend County;  Texas,white,
CHANDA,Census Tract 211; Williamson County;  Texas,white,
GOODPASTER,Census Tract 4512; Harris County;  Texas,white,
PELINO,Census Tract 17.69; Travis County;  Texas,white,
KALMON,Census Tract 1.02; Jefferson County;  Texas,white,
DUPREY,Census Tract 3; Bandera County;  Texas,white,
FRANCIONE,Census Tract 1513.02; Bexar County;  Texas,hispanic,
RUBERTONE,Census Tract 1603; Bexar County;  Texas,white,
MITTNER,Census Tract 127.02; Dallas County;  Texas,white,
MANTIONE,Census Tract 9704.01; Kendall County;  Texas,white,
MELLEM,Census Tract 1110.05; Tarrant County;  Texas,white,
SINDONI,Census Tract 3238.01; Harris County;  Texas,white,
FETERL,Census Tract 220.02; Randall County;  Texas,white,
ARMANI,Census Tract 3238.01; Harris County;  Texas,white,
KNAFEL,Census Tract 1102.02; Tarrant County;  Texas,white,
STIMLER,Census Tract 3; Bandera County;  Texas,white,
KING,Census Tract 1719.21; Bexar County;  Texas,white,
BRETSCHER,Census Tract 9501; Hardeman County;  Texas,white,
BIALORUCKI,Census Tract 9501; King County;  Texas,white,
TEERLINK,Census Tract 9501; Franklin County;  Texas,white,
PRAYOR,Census Tract 224.04; Bell County;  Texas,black,
MICKE,Census Tract 7206; Galveston County;  Texas,white,
BICALHO,Census Tract 201.15; Denton County;  Texas,black,
BASTONI,Census Tract 20.12; Brazos County;  Texas,white,
SANDHAR,Census Tract 5420; Harris County;  Texas,api,
GAUME,Census Tract 213.01; Bell County;  Texas,white,
CASSETTA,Census Tract 190.26; Dallas County;  Texas,white,
GEHRMAN,Census Tract 1136.07; Tarrant County;  Texas,white,
GUISTE,Census Tract 5541.01; Harris County;  Texas,white,
AZEEM,Census Tract 2.02; Wilson County;  Texas,api,
SIERZEGA,Census Tract 4320.01; Harris County;  Texas,white,
TILIANO,Census Tract 615; Ellis County;  Texas,hispanic,
CICHOCKI,Census Tract 5530.01; Harris County;  Texas,white,
GAMEWELL,Census Tract 1109; Bexar County;  Texas,white,
WHITMER,Census Tract 217.16; Denton County;  Texas,white,
BASISTA,Census Tract 60; Nueces County;  Texas,white,
CHAVA,Census Tract 9502; Stephens County;  Texas,api,
DECH,Census Tract 217.21; Denton County;  Texas,white,
WILLGING,Census Tract 1136.33; Tarrant County;  Texas,white,
SULE,Census Tract 1602.04; Hood County;  Texas,white,
STOFFA,Census Tract 1139.16; Tarrant County;  Texas,white,
PARASILITI,Census Tract 402; Rockwall County;  Texas,white,
CHERVENY,Census Tract 6720.01; Fort Bend County;  Texas,white,
KROW,Census Tract 64; Jefferson County;  Texas,white,
RAMMER,Census Tract 4206; Harris County;  Texas,white,
ARTMAN,Census Tract 203.18; Williamson County;  Texas,two or more,
PALODICHUK,Census Tract 77; Dallas County;  Texas,white,
FREEMYER,Census Tract 1719.15; Bexar County;  Texas,white,
VOVES,Census Tract 1115.14; Tarrant County;  Texas,white,
MILLBURN,Census Tract 5.02; Grayson County;  Texas,white,
LUCINI,Census Tract 4316; Harris County;  Texas,hispanic,
MILANESI,Census Tract 4208; Harris County;  Texas,white,
MAROLF,Census Tract 5521.02; Harris County;  Texas,white,
BRISEBOIS,Census Tract 513; Kaufman County;  Texas,white,
BAZZLE,Census Tract 9506; Red River County;  Texas,white,
BADAME,Census Tract 1309; Johnson County;  Texas,white,
TLASECA,Census Tract 9509; Brown County;  Texas,hispanic,
SORKNESS,Census Tract 9503.02; Nacogdoches County;  Texas,white,
CIANCAGLINI,Census Tract 1905.01; Bexar County;  Texas,white,
MAYCUMBER,Census Tract 217.52; Denton County;  Texas,white,
RAFIQUE,Census Tract 602.10; Ellis County;  Texas,api,
CARFAGNO,Census Tract 9502; Stephens County;  Texas,white,
POGORZELSKI,Census Tract 7408; Wharton County;  Texas,white,
SHILLINGER,Census Tract 9503; Leon County;  Texas,white,
MISKOVSKY,Census Tract 5501; Harris County;  Texas,white,
MASSIN,Census Tract 4321; Harris County;  Texas,white,
SEIGFRIED,Census Tract 1105; Bexar County;  Texas,white,
COMPITELLO,Census Tract 4214.01; Harris County;  Texas,white,
ZARR,Census Tract 201.06; Denton County;  Texas,white,
KLAICH,Census Tract 201.06; Denton County;  Texas,white,
MATLEY,Census Tract 20.12; Brazos County;  Texas,white,
KAMEOKA,Census Tract 17.08; Tom Green County;  Texas,two or more,
AGUEDA,Census Tract 9504; Erath County;  Texas,white,
SALIMAN,Census Tract 504; Kaufman County;  Texas,white,
DANKNER,Census Tract 190.13; Dallas County;  Texas,white,
DELKCRUZ,Census Tract 215.25; Denton County;  Texas,api,
BUTRIM,Census Tract 9508; Val Verde County;  Texas,white,
GARCHITORENA,Census Tract 190.39; Dallas County;  Texas,api,
TOGNARELLI,Census Tract 202.04; Denton County;  Texas,white,
MCNANY,Census Tract 312.01; Collin County;  Texas,white,
BIBLER,Census Tract 1805.04; Bexar County;  Texas,white,
KERTZ,Census Tract 9701; Karnes County;  Texas,white,
NAESE,Census Tract 216.26; Denton County;  Texas,white,
TESTUT,Census Tract 1037.02; Tarrant County;  Texas,white,
STIEBER,Census Tract 238.02; Hidalgo County;  Texas,white,
CALVI,Census Tract 17.70; Travis County;  Texas,white,
BUGBY,Census Tract 1609.02; Bexar County;  Texas,white,
KAYYALI,Census Tract 1131.04; Tarrant County;  Texas,white,
BIZZARRO,Census Tract 3.05; Midland County;  Texas,white,
ASSAL,Census Tract 1308; Bexar County;  Texas,white,
GRUENINGER,Census Tract 6932; Montgomery County;  Texas,white,
WEISSENBORN,Census Tract 9501; Trinity County;  Texas,white,
DALMIDA,Census Tract 5411; Harris County;  Texas,black,
BEITMAN,Census Tract 220.01; Randall County;  Texas,white,
RESAR,Census Tract 179; Dallas County;  Texas,white,
GATI,Census Tract 9507; Bosque County;  Texas,white,
VANLANDSCHOOT,Census Tract 9502; Moore County;  Texas,white,
PRUETTE,Census Tract 17.02; Brazos County;  Texas,white,
MATZ,Census Tract 3.04; Jefferson County;  Texas,white,
WAKED,Census Tract 144.07; Dallas County;  Texas,white,
GULBRANSON,Census Tract 7014; Liberty County;  Texas,hispanic,
ALADRO,Census Tract 139.01; Dallas County;  Texas,hispanic,
RENERT,Census Tract 235.04; Hidalgo County;  Texas,white,
MATSUKAWA,Census Tract 136.19; Dallas County;  Texas,api,
HELFRICK,Census Tract 1139.28; Tarrant County;  Texas,white,
TARKENTON,Census Tract 115.02; Bowie County;  Texas,white,
CAZZELL,Census Tract 1719.18; Bexar County;  Texas,white,
DORRES,Census Tract 215.05; Denton County;  Texas,hispanic,
FREESMEIER,Census Tract 305.12; Collin County;  Texas,white,
PANCOAST,Census Tract 301.02; Callahan County;  Texas,white,
CLIFFE,Census Tract 5; Jefferson County;  Texas,white,
LABUFF,Census Tract 7249; Galveston County;  Texas,white,
BRINKMAN,Census Tract 1504.02; Wise County;  Texas,white,
MENDIOLA,Census Tract 9504; Houston County;  Texas,api,
SMULLIN,Census Tract 4314.02; Harris County;  Texas,white,
LITCHY,Census Tract 78.01; Dallas County;  Texas,white,
VANDERVORT,Census Tract 6915; Montgomery County;  Texas,white,
WADOOD,Census Tract 201.07; Williamson County;  Texas,white,
DELAND,Census Tract 135.02; Wichita County;  Texas,white,
NARDACCI,Census Tract 511; Kaufman County;  Texas,white,
GORTER,Census Tract 1719.19; Bexar County;  Texas,white,
PERITZ,Census Tract 17.60; Travis County;  Texas,white,
LASSEK,Census Tract 231.05; Bell County;  Texas,white,
NAMIE,Census Tract 3332.01; Harris County;  Texas,white,
TANTALO,Census Tract 1602.04; Hood County;  Texas,white,
WANSING,Census Tract 1302.11; Johnson County;  Texas,white,
POUGE,Census Tract 7254; Galveston County;  Texas,black,
SHIVEL,Census Tract 3214.02; Harris County;  Texas,white,
BODDIE,Census Tract 37.01; El Paso County;  Texas,black,
RAMBO,Census Tract 9702; Burleson County;  Texas,white,
BUCKMON,Census Tract 3235; Harris County;  Texas,black,
SAMPAIR,Census Tract 316.64; Collin County;  Texas,white,
YASIR,Census Tract 24.25; Travis County;  Texas,api,
JAUCH,Census Tract 5539; Harris County;  Texas,white,
ITUARTE,Census Tract 7010; Liberty County;  Texas,hispanic,
GOTWALT,Census Tract 4527; Harris County;  Texas,white,
BELD,Census Tract 9505; Gray County;  Texas,white,
SEWICK,Census Tract 2225.02; Harris County;  Texas,white,
ASMAT,Census Tract 1061.02; Tarrant County;  Texas,hispanic,
CROMEDY,Census Tract 4320.01; Harris County;  Texas,hispanic,
OBITZ,Census Tract 9501; Wheeler County;  Texas,white,
ROSEMARIE,Census Tract 152.02; Dallas County;  Texas,white,
FORNEK,Census Tract 134; Potter County;  Texas,white,
VAITKUS,Census Tract 184.01; Dallas County;  Texas,white,
POMPI,Census Tract 167.03; Dallas County;  Texas,white,
LOLMAUGH,Census Tract 1136.28; Tarrant County;  Texas,white,
SHINDELDECKER,Census Tract 10; Travis County;  Texas,white,
BERGAMO,Census Tract 2541; Harris County;  Texas,white,
STOROZUK,Census Tract 1817.11; Bexar County;  Texas,white,
MILETELLO,Census Tract 18.03; Brazos County;  Texas,white,
BUMGARNER,Census Tract 9603.02; Kerr County;  Texas,white,
JORQUERA,Census Tract 2108.01; Guadalupe County;  Texas,hispanic,
HOVAKIMYAN,Census Tract 5423.02; Harris County;  Texas,white,
INCE,Census Tract 1113.06; Tarrant County;  Texas,white,
MAINZ,Census Tract 3; Gregg County;  Texas,white,
HOFFHEINS,Census Tract 6907; Montgomery County;  Texas,white,
CHAMU,Census Tract 19.13; Travis County;  Texas,hispanic,
AVRAMIDIS,Census Tract 9501; Mason County;  Texas,white,
COLIMA,Census Tract 17.18; Webb County;  Texas,hispanic,
METTLING,Census Tract 1115.31; Tarrant County;  Texas,white,
IADONISI,Census Tract 6743; Fort Bend County;  Texas,white,
KANUHA,Census Tract 9501; Van Zandt County;  Texas,hispanic,
GUTSCHOW,Census Tract 205.04; Hidalgo County;  Texas,white,
FICTUM,Census Tract 1065.11; Tarrant County;  Texas,white,
VERRECCHIA,Census Tract 105.01; Coryell County;  Texas,white,
PRISTASH,Census Tract 320.08; Collin County;  Texas,white,
CAFARELLI,Census Tract 9502; Duval County;  Texas,white,
LUPARDO,Census Tract 121.01; Cameron County;  Texas,hispanic,
LINTELMAN,Census Tract 9503; Houston County;  Texas,white,
MIKAN,Census Tract 1218.02; Bexar County;  Texas,white,
HUTFLES,Census Tract 1006.01; Tarrant County;  Texas,white,
DUHL,Census Tract 4228; Harris County;  Texas,white,
DRNEK,Census Tract 141.26; Dallas County;  Texas,white,
NORMAN,Census Tract 9503.01; Nacogdoches County;  Texas,black,
ADAY,Census Tract 167.04; Dallas County;  Texas,white,
ANTONE,Census Tract 1806.03; Bexar County;  Texas,native_american,
CASHELL,Census Tract 6; Nueces County;  Texas,white,
OISHI,Census Tract 5310; Harris County;  Texas,api,
DAMARE,Census Tract 3232; Harris County;  Texas,white,
ALVIZO,Census Tract 3214.01; Harris County;  Texas,hispanic,
ARQUINES,Census Tract 3124; Harris County;  Texas,api,
FLESSNER,Census Tract 4335.02; Harris County;  Texas,white,
KEILERS,Census Tract 3; Bandera County;  Texas,white,
IZNAGA,Census Tract 207.07; Williamson County;  Texas,hispanic,
LOGGANS,Census Tract 119.02; Cameron County;  Texas,white,
BEARUP,Census Tract 9503; Moore County;  Texas,white,
YADO,Census Tract 73.01; Dallas County;  Texas,hispanic,
BATDORF,Census Tract 611; Ellis County;  Texas,white,
TASKIN,Census Tract 7218; Galveston County;  Texas,white,
SUNDE,Census Tract 5109; Harris County;  Texas,white,
LINDENMAN,Census Tract 12.01; El Paso County;  Texas,white,
BEAUDRIE,Census Tract 9507; Val Verde County;  Texas,white,
FLOREZ,Census Tract 1236; Tarrant County;  Texas,hispanic,
BLAZEJEWSKI,Census Tract 5421.01; Harris County;  Texas,white,
BRAZINA,Census Tract 1817.03; Bexar County;  Texas,white,
DUNAJ,Census Tract 24.13; Travis County;  Texas,white,
DIMILLO,Census Tract 9503; Pecos County;  Texas,white,
GOLDHAGEN,Census Tract 318.05; Collin County;  Texas,white,
SARDER,Census Tract 105; San Patricio County;  Texas,api,
BISSEY,Census Tract 1067; Tarrant County;  Texas,white,
NEIHEISEL,Census Tract 205.06; Williamson County;  Texas,white,
BRANSTNER,Census Tract 16.06; Travis County;  Texas,white,
